file name      ,o_vp.exe
md5            ,9325F2301AD9E5FB4CF5673FA64446AE
sha1           ,2BDE2BB7B02950999DABA6DF694A587D80AD9207
sha256         ,DF492B4CC7F644AD3E795155926D1FC8ECE7327C0C5C8EA45561F24F5110CE54
signature      ,Microsoft .NET
file-version   ,1.0.0.0
description    ,veeamp
file-type      ,executable
cpu            ,32-bit
compiler-stamp ,0xB552A0C9 (Wed May 26 09:20:09 2066 | UTC)
               
file name      ,veeamp.exe
md5            ,6345AC3F61B9F4CE64E82D3896BAF1FA
sha1           ,13AB5762FF5023163B1CA7C7749112B3673CD3DB
sha256         ,9AA1F37517458D635EAE4F9B43CB4770880EA0EE171E7E4AD155BBDEE0CBE732
signature      ,Microsoft .NET
file-version   ,1.0.0.0
description    ,veeamp
file-type      ,executable
cpu            ,32-bit
compiler-stamp ,0xB552A0C9 (Wed May 26 09:20:09 2066 | UTC)
               
file name      ,vp.exe
md5            ,C924C22FADBE9FA6AE67DF401AA03D13
sha1           ,65F71C07E76C2452022158537107490677629D51
sha256         ,78517FB07EE5292DA627C234B26B555413A459F8D7A9641E4A9FCC1099F06A3D
signature      ,Microsoft .NET
file-version   ,1.0.0.0
description    ,veeamp
file-type      ,executable
cpu            ,32-bit
compiler-stamp ,0x62CC772B (Mon Jul 11 19:16:59 2022 | UTC)
